"صـ","سـ","المطلع","اسم الشاعر","سبب التصنيف","عدد الاَبيات","البحر","الروي","images"
"3","14","شَتَّانَ ما يَومي على كُورِها * ويومُ حَيَّانَ اَخي جابرٖ","أعشى قيس","قاله اَمير المؤمنين <sup>ع</sup><sup> </sup><sup>م</sup><sup> </sup>متمثلا في ذكر مضي اَبي بكر لسبيله واِدلاء عمر اِلى الخلافة بعده","1","السريع","ر",
"7","11","لَعمرِي لقد اَيْقَضْتَ من كان نائمًا * واَسْمَعْتَ مَن كانت له اُذُنان","صخر بن عبد الله الشّريد","قالها عبد الرحمن بن اَبي ليلٰى - متمثلًا - في وصف جواب اَمير المؤمنين <sup>ع</sup><sup> </sup><sup>م</sup><sup> </sup> عند سؤاله عن اَحقِّيَّة اَمر الخلافة بعد رسول الله <sup>صلع</sup> ","1","الطويل","ن",
"9","10","قد قتَلنا سيدَ الاَنـ * ـصار سعدَ بن عُبادة","أبيات منسوبة إلى الجِنِّ","زعموا اَن الجنَّ قالته في قتل سعد بن عبادة بعد اعتزاله اَهلَ السقيفة","2","مجزوء الرمل","د",
"9","14","سَقى اللهُ سعدًا يومَ ذاك ولا سقٰى * عَراجِلَةً هابَتْ صدورَ البَواتِر","رجل من الاَنصار","في اَمر سعد بن عبادة وخذلان الاَنصار في يوم السقيفة","1","الطويل","ر",
"10","11","لو لم يُوَلُّوا اَمرَهم لِشِرارهم * لم يُفضِ اَمرُهم الى الحَجَّاجٖ","العوني (عبد الله بن عمر متمثلا)","في تشبيه قول سلمان الفارسي <sup>رض</sup> عند بيعة اَبي بكر: ""ولو وليتموها اَهل بيت نبيكم ما طمع فيها غيرهم""","1","الكامل","ج",
"11","7","فاِن كنتَ بالشُّورٰى مَلكتَ امورَهم * فكيف بهذا والمُشِيرون غُيَّبٗ","اَمير المؤمنين <sup>ع</sup><sup> </sup><sup>م</sup><sup> </sup>","في احتجاج الاَنصار وقريش لتَولية اَمر الخلافة وعند انتهاء اَنباء السقيفة اِليه","2","الطويل","ب",
"12","11","اَلا لا فادْخُلي المخْدَع * فقد هُيِّي لكِ المَضْجَعْ","مُسَيلمة الكذاب","في ابْتِنائه بسَجاح الكاذبة","3","الهزج","ع",
"12","15","به اَجمع به اَجمع * فَهُو اَهنى وَهُوْ اَنْفعْ","سجاح الكاذبة","في جواب مسيلمة الكذاب عند ابْتِنائه بها","1","الهزج","ع",
"34","1","قد كان بعدَك اَنْباءٌ وهَيْنَمَةٌ * لو كنتَ شاهَدْتَها لَم تكْثُر الخُطَبٗ","مولاتنا فاطمة<sup> </sup><sup>ع</sup><sup> </sup><sup>م</sup><sup> </sup>","في ذكر ما نالها من الظالمين","9","البسيط ","ب",
"46","14","اَرٰى عِلَلَ الدنيا عليَّ كثيرةً * وصاحبُها حتّٰى المماتِ عَليلٗ","اَمير المؤمنين <sup>ع</sup><sup> </sup><sup>م</sup><sup> </sup>","في رثاء مولاتنا فاطمة <sup>ع</sup><sup> </sup><sup>م</sup><sup> </sup>","3","الطويل","ل",
"92","12","اَطعنا رسولَ الله ما كان بينَنا * فيا لَعبادِ اللهِ ما لاَبي بكر","مالك بن نويرة","في عتاب اَبي بكر لغصبه الخلافة وعند خروج مالك من المسجد بعد وكزه ودعه في عنقه","3","الطويل","ر",
"93","15","اَ دَعوتَه بالله ثم قتلتَه * هو اِن دعاكَ لِذِمَّةٍ لَم يَغدِر","متمم بن نويرة","في تزوُّج خالد بن الوليد بامرأة مالك بن نويرة بعد قتله بغدر","3","الكامل","ر",
"94","4","فاِن تكُن الاَيَّامُ فَرَّقْنَ بَينَنا * فقَد كان محمودًا اَخي حِينَ وَدَّعَا","متمم بن نويرة","في البكاء على قتل اَخيه وعند سؤاله اَبا بكر ليعديه على خالد","11","الطويل","ع",
"121","3","وَاَشعث غرَّه الاسلامُِ منِّي * خَلَوْتُ باَهلهِ ليلَ التمامٖ","رجل من يهود","في قعوده عند اَهل الرجل الذي خرج غازيًا في جيش عمر وتَرَكَه في بيته ليمون اَهله","3","الوافر","م",
"137","6","يا جَوارِي الحَيِّ عُدْنَنِيَه * يَا خَواتِي لا تلُمنَنِيَه","عفان بن اَبي العاص","في ذكر اَبي اُحَيحَة سعيد بن العاص ","5","المديد","ن",
"137","13","زعَم ابنُ عفَّانٍ وليس بهَازِل * اَن الفراتَ له بِحَوْز المَشرِقٖ","عبد الرحمن بن حنبل الجمحي","في هجاء عثمان وتعييره باَبيه عفان","4","الكامل","ق",
"138","13","لا حَياء وليسَ فيكم سِوى الكِبـ * ـرِ وبغضُ النبيِّ والشُّهَداءٖ","بعض شعراء الاَمويين","في ابتلاء الحكم بن اَبي العاص بتخليع اَعضائه عند استهزائه وحكيه مشية رسول الله <sup>صلع</sup>","2","الخفيف","ء",
"142","9","لا يُحيي اللهُ لك عَيْنا * تحيَّةَ السُّخْطِ اِذا الْتَقَيْنَا ","عثمان بن عفان","عند حضور اَبي ذر <sup>رض</sup> دار عثمان بعد نفيه من الشام ","1","الرجز","ن",
"149","4","شَهِدَ الحُطَيْئَةُ حين يَلْقٰى ربَّه * اَنَّ الوليدَ اَحقُّ بالعُذرٖ","الحُطيئة","في صلوة الوليد وقد صلى بالناس صلوة الفجر اَربعا وهو لا يعقل من السكر","4","الكامل","ر",
"163","8","خرَجْن عن بَلْيَوْرَ والصَّعِيْدٖ * مُسَرْبَلَاتٍ حَِلَقَ الحَدِيدٖ","عبد الرحمن بن عديس البلوي","عند انصراف وَفْد مصر اِلى عثمان بعد ما اَصابوا كتابه اِلى عامله على مصر يأمره بقتلهم","3","الرجز","د",
"164","15","حرَّقَ قيسٌ عليَّ البِلا * دَ حتّٰى اِذا اشْتَعلتْ اَجْذَما","قول البعض (مروان بن الحكم متمثلا) ","في تمثيل خروج عائشة للحج وعثمان محصور في داره","1","المتقارب","م",
"165","19","فاِنْ كُنتُ مأكولًا فكُنْ اَنتَ اٰكلِيْ * والَّا فَاَدْرِكْنِي ولمَّا اُمزَّقٖ","عثمان بن عفان","في طلبه الدفع عن نفسه من اَمير المؤمنين <sup>ع</sup><sup> </sup><sup>م</sup> عند اشتداد الحصار عليه","1","الطويل","ق",
"167","1","فاِنْ يَكُ ظَنِّي بِابنِ اُمِّي صَادِقًا * عُمارةَ لا يَطلُبْ بِثأرٍ وَلا وِتْرٖ","الوليد بن عقبة بن اَبي معيط","في رثاء عثمان وتحريض اَخاه عُمارة على القيام بثأره","6","الطويل","ر",
"167","8","اَ تطلُبُ ثأرًا لستَ منه وَلا له * واَين الصَّفورِيُّ ابنُ ذَكْوَانَ مِن عَمْرٖو","الفضل بن العباس بن عتبة بن اَبي لهب","في جواب رثاء الوليد لعثمان وتحريضه اَخاه عُمارة على القيام بثأره","9","الطويل","ر",
"174","10","بَنِي هَاشِمٍ رُدُّوا سِلاحَ ابن اُختكِم * وَلَا تَنهَبُوه لَا تَحِلُّ مَنَاهِبُه","الوليد بن عقبة بن اَبي معيط","في ترك اَمير المؤمنين <sup>ع</sup><sup> </sup><sup>م</sup><sup> </sup>صلب<sup> </sup>مال عثمان ميراثًا بين اَهله وولده","8","الطويل","ب",
"175","3","بَكَتْ عينُ من يبكي ابنَ عفَّاَن بعدَ ما * تَنَكَّبَ عَن نَهجِ المَحَجَّة جانِبُه","عبد الله بن اَبي سفيان بن الحارث بن عبد المطلب وقيل هي للفضل بن العباس بن عُتبة بن اَبي لهب","في جواب الوليد عند عتابه بني هاشم في اَمر قتل عثمان","36","الطويل","ب",
"179","1","لَعَمْرِي لقد بايَعْتُم ذا حفِيظَةٍ * على الدِّينِ معروفَ العَفافِ مُوَفَّقَا","عبد الرحمن بن حنبل الجمحي","في ذكر فضائل اَمير المؤمنين <sup>ع</sup><sup> </sup><sup>م</sup><sup> </sup>وسوابقه وقرابته من رسول الله <sup>صلع</sup>","4","الطويل","ق",
"179","6","اِذا نحن تابَعْنا عليًّا فحَسْبُنا * اَبو حَسَنٍ مِمَّا نَخافُ مِن الفِتَن","خزيمة بن ثابت الاَنصاري","في ذكر فضائل اَمير المؤمنين <sup>ع</sup><sup> </sup><sup>م</sup><sup> </sup>وسوابقه وقرابته من رسول الله <sup>صلع</sup>","8","الطويل","ن",
"180","14","تَقَدَّمْتُ لَمَّا لم اَجِد متقدِّما * اَمامي ولا خَلْفي مِن الموتِ مَزْحَلا","الوليد بن عقبة بن اَبي معيط","في اِظهار نفاقه واِصراره على بغيه وشقاقه","6","الطويل","ل",
"181","8","قد بَايَع الناسُ خيرَ الناسِ كلِّهِم * بعدَ النَّبِيِّ عَلِيًّا غيرَ ما كَذِبٖ","عمرو بن عبادة الانصاري","في ذكر معاريض القول لاَمير المؤمنين <sup>ع</sup><sup> </sup><sup>م</sup><sup> </sup>حينما سئل عن قتل عثمان","6","البسيط","ب",
"187","17","خذَلتْه الاَنصارُ اِذ عظُم الخطْ * ـبُ وكانت شِعارَه الانصارٗ","حسان بن ثابت","في قتل عثمان","13","الخفيف","ر",
"189","10","واِنَّ كلامَ المرء في غيرِ كُنهه * لكَالسَّهْمِ تَهوِي ليس فيها نِصَالهُا"," ابن هبيرة (مروان بن الحكم متمثلا)","في تمثيل اِكثار الناس الاَقاويل في قتل عثمان","1","الطويل","ل",
"189","13","اَلا قُل لقَومٍ شارِبِي كأسَ عَلْقَم * بِقَتْل اِمامٍ في المدينة مُحرِمٖ","مروان بن الحكم","في اِظهار الحسرة على قتل عثمان","7","الطويل","م",
"190","3","قَتَلْنا ابنَ اَرْوٰى بالكِتَابِ ولم نَكُنْ * لِنَقْتُلَهٗ اَلَّا باَمْرٍ مُحَكَّمٖ","المكشوح المرادي","في الجواب لشعر مروان تبريرًا لقتل عثمان","10","الطويل","م ",
"191","12","اَلَا يا لهفَ نَفسِيْ اَيْنَ عمرٗو * نجا عمٌرو وعُثمانُ قتيلٗ","الوليد بن عقبة بن اَبي معيط","في عتاب عمرو بن العاص عند هَرَبه اِلى فلسطين ","17","الوافر","ل",
"196","9","اَبا حَسَنٍ متٰى ما تَدْعُ فينا * تُجِبْك سيوفُنا مِن اِرْثِ شِمْرٖ","حبيب بن اُساف الاَنصاري","في احتجاج اَمير المؤمنين <sup>ع</sup><sup> </sup><sup>م</sup><sup> </sup>للمعرضين عن اِمامته بعد وضوح الحق","10","الوافر","ر",
"197","17","ما ضَرَّ مَن كانت الانصارُ نصرَتَه * اَن لا يكونَ له مِن غيرِهم اَحَدٗ","قيس بن سعيد","في نصرة الاَنصار لاَمير المؤمنين <sup>ع</sup><sup> </sup><sup>م</sup><sup> </sup>","14","البسيط ","د ",
"199","6","اُبايِعُ غيرَ مكتَتِمٍ عَلِيًا * وَاِنْ لَمْ يُرْضِ ذاك الاَشْعَرِيَّا","هاشم بن عتبة الاَنصاري","في تحضيض الناس على بيعة اَمير المؤمنين <sup>ع</sup><sup> </sup><sup>م</sup><sup> </sup>","7","الوافر","ي",
"199","14","اِنَّ ابْنَ عفَّانَ اِذْ اَوْدٰى لِشِقْوتِه * طغٰى فحَلَّتْ بِه مِنْ ذٰلِكُمْ غِيَرٗ","هاشم بن عتبة الاَنصاري","في تحضيض الناس على بيعة اَمير المؤمنين <sup>ع</sup><sup> </sup><sup>م</sup><sup> </sup>","8","البسيط","ر",
"201","2","نَصَحْتُ عَلِيًّا في ابنِ هِندٍ نصيحةً * فَرَدَّ فَما مِنِّي له الدهرَ ثَانِيَة","المغيرة بن شعبة","في رفض اَمير المؤمنين <sup>ع</sup><sup> </sup><sup>م</sup><sup> </sup>نصيحته ","6","الطويل","ي",
"202","1","لَعَمُرك والاَيَّامُ غُدْرُ عَوَاثِرٖ * لَقَدْ كَادَنَا عَمَّا اَرَادَ ابنُ عَامِرٖ","الاَعور الشني","في هرب عبد الله بن عامر من البصرة وتركه عبد الله بن الحضرمي مكانه وتشاور القوم في قتله","9","الطويل","ر",
"217","16","نَدِمْتُ ندامةَ الكُسَعِيِّ لَمَّا * رَأتْ عَيناه ما صنعت يَدَاه","الشاعر (طلحة بن عبيد الله)","في التمثيل لندم طلحة على محاربة اَمير المؤمنين <sup>ع</sup><sup> </sup><sup>م</sup><sup> </sup>بعد بيعته له","1","الوافر ","ا",
"221","12","اَلَا قُل لِعَبدِ اللهِ لَيْتَك باليَمَنْ * بِبَرْهُوْتَ اَو صنعاءَ اَو غَورِ ذِي عَدَنْ","ابن كهاش الاَوسي","في ترك عبد الله بن عمر الخروج مع طلحة والزبير","12","الطويل","ن",
"222","17","جَزَتْك اميرَ المؤمنين قرابةٌ * رفَعتَ بها ذكري جزاءً مُوفَّرا","عمر بن اُم سلمة","في توليته البلدان من قبل اَمير المؤمنين <sup>ع</sup><sup> </sup><sup>م</sup><sup> </sup>","6","الطويل","ر",
"223","11","اُمَّ يا اُمَّ تَلَقَّيْتَ الظَّفَرْ * ثم لا زِلتِ تُسَقَّيْنَ المَطَرْ","رجل من ولد عمرو بن الاَكان","في مدح مولاتنا اُم سلمةَ <sup>رض</sup>","11","الرمل","ر",
"227","17","خَرجتِ ولمَ يُخْرِجْك واللهُ غالبٌ * على اَمره- الا اُمورٌ مُذَبْذَبَة","ابن كهاش الانَصاري","في خروج عائشة من مكة","11","الطويل","ب",
"230","2","اَ يَذبحُنا الزُّبيرُ بِشَفرَتَيهِ * ونَنْسٰى ما مضٰى منه وَفاتا","سعيد بن العاص","في اختلاف طلحة والزبير في اَمر من يجعل له الاَمر لو ظهرا على اَمير المؤمنين <sup>ع</sup><sup> </sup><sup>م</sup>","7","الوافر","ت",
"230","12","اَظُنُّ الحَربَ ساحِبةً عليهم * ذيولَ القومِ عادٍ اَو ثمودٖ","المغيرة بن شعبة","في اختلاف طلحة والزبير في اَمر من يجعل له الاَمر لو ظهرا على اَمير المؤمنين <sup>ع</sup><sup> </sup><sup>م</sup>","12","الوافر","د",
"232","2","اَلا اَيها الناسُ عندي الخبَر * باَنَّ الزُّبيرَ اَخاكم غَدَرْ","ظفر","في اِخبار الناس بمسيرة اَهل الجمل","9","المتقارب","ر",
"232","14","فما لِلَّذي قد اَوردَا ثم اَصدَرا * غَداةَ المنايا من نجاةٍ ولا عُذرٖ","محمد بن اَبي بكر","في طلب طلحة والزبير بدم عثمان حسب زعمهما","1","الطويل","ر",
"237","3","دَراكِها دَراكِها قبل الفَوتْ * انفِر بنا واسمُ بنا نحو الصَّوتْ<br>لا وَألَتْ نفسيَ اِن خِفتُ المَوتْ","الحجاج بن عرابة","في نصرة اَمير المؤمنين <sup>ع</sup><sup> </sup><sup>م</sup><sup> </sup>بعد سماع خطبته الشريفة","3","الرجز","ت",
"238","4","قضَتْ طِيِّءٌ عني الذِّمَامَ واَنطَقُوا * لِسانيَ بالامرِ الُمقَرَّبِ بِالكَرَمْ","عدي بن حاتم","في جواب معقل بن حداج ومخنف بن زيد الخيل وسائر طيء له عند تحريضه بالمسير اِلى اَمير المؤمنين <sup>ع</sup><sup> </sup><sup>م</sup><sup> </sup>","7","الطويل","م",
"239","1","اِن يكُن ما يُقال فيك مِن الخيـ * ـر هُو الحقُّ يا وصيَّ الرسولٖ","شيخ يقال له الاَكتل","في نصرة اَمير المؤمنين <sup> </sup><sup>ع</sup><sup> </sup><sup>م</sup><sup> </sup>واستنهاض طيء للحرب معه","5","الخفيف","ل",
"239","16","بني اَسَدٍ مَن يأمَن الحربَ يُؤْكَلٖ * ومَن لا يمُتْ يومًا مِن الدهر يُقتَلٖ","زفر بن حذيفة الاَسدي","في استنهاض بني اَسد للحرب مع اَمير المؤمنين <sup> </sup><sup>ع</sup><sup> </sup><sup>م</sup>","10","الطويل","ل",
"243","2","قُل للزُّبَيرِ وقُل لِطلحةَ قَصِّروا * دونَ الذي تَنْوُونَ موتٌ اَحمرٗ","البراء بن عازب","في عتاب اَهل الجمل بمسيرهم خلاف اَمير المؤمنين <sup>ع</sup><sup> </sup><sup>م</sup><sup> </sup>بعد بذلهم البيعة له","11","الكامل","ر",
"244","1","يا ابنَ حُنَيفٍ قد اُتِيتَ فانْفِرٖ * وطاعِن القومَ وضارِب واصْبِرٖ<br>وَالْقَهُما مستَلْئِمًا وشَمِّرٖ","اَبو الاَسود","في لحوقه وعمران بن حصين بعثمان بن حنيف من عند اَهل الجمل","3","الرجز","ر",
"244","4","لَقِينا الزُّبَيرَ فَدَانا الامورَ * وطلحة كالنَّجم او اَبعَدٗ","اَبو الاَسود","في لحوقه واَبي الاَسود بعثمان بن حنيف من عند اَهل الجمل","9","المتقارب","د",
"247","12","خَيْلِي اِليَّ اِنَّها قُرَيشٗ * لِيُرْدِيَنْها بَغْيُها والطَّيْشٗ","حكيم بن جبل","في حملته على اَصحاب طلحة والزبير عند اَفواه السكك ","1","الرجز","ش",
"248","11","صُنْتُم حَلَائِلكُم وخُنْتُم اُمَّكم * هذا لَعَمْرُكَ قِلَّةُ الاِنصافٖ","جارية بن قدامة السعدي","في عتابه لطلحة والزبير باِخراج عائشة اِلى الحرب وترك نسائهما في بيتهما","4","الكامل","ف",
"249","9","اِذا اَنا تَابَعتُ الزَّبَيرَ وصحبَه * وطلحةَ والمَهتوكَ عنها حِجابُها","يزيد بن الحارث اليشكري","في منع مبايعته لطلحة والزبير وعتابه لهما","10","الطويل","ب",
"251","11","ما للزُّبَيرِ تُقًى فيك الغَداةَ ولا * لِلمَرءِ طلحةَ فَاخْشَ القومَ عُثمانٗ","الاَصم","في تحريض حكيم بن جبل لعثمان بن حنيف على الحملة وعدم عقد الصلح مع طلحة والزبير","7","البسيط ","ن",
"253","1","يابنَ حُنيفٍ اَين منك الباطلٗ * اِني لاَقتالِ الامام قاتلٗ","مروان بن الحكم","في الحملة على عثمان بن حنيف غدرًا ومكرًا ","2","الرجز","ل",
"253","5","مروانُ يا ابنَ الحَكَمِ الطَّريدٖ * مروانُ يا ابنَ اٰكلِ الهَبيدٖ ","عثمان بن حنيف","في الحملة على مروان بن الحكم","3","الرجز","د",
"254","3","مروانُ ويحكَ اِنَّ الدَّهْرَ دَوَّارٗ * والدهر في صَرفه نَقضٌ واِمرارٗ","سهل بن حنيف","في ما صُنع باَخيه منذرًا اَهلَ الجمل بقتل من لهم في المدينة من الاُسرة والاَقارب","13","البسيط","ر",
"255","14","اَضْرِبُهم باليَابِسٖ * ضَرْبَ غُلامٍ عابِسٖ","حكيم بن جبل","في قِتاله اَصحابَ الجمل عند الزابوقة","2","مجزوء الرجز","س",
"256","2","يا نفسِ لا تُرَاعِيْ * اِن قُطِعَتْ كُرَاعِيْ<br>اِنَّ مَعِي ذِرَاعِيْ","حكيم بن جبل","في قطع رجله ورميه بها الاَزدي وصرعه به","3","مجزوء الرجز","ع",
"256","5","هذا اَوانُ الضَّربِ والِمصَاعٖ * اَقولُ لما جَدَّ بِي زَمَاعِي","حكيم بن جبل","في قتاله اَصحاب الجمل يوم الجمل الاَصغر","6","الرجز","ع",
"256","13","ليس عليَّ اَن اَموتَ عارٗ * والعارُ في الناسِ هُو الفِرارٗ<br>والمَجدُ لا يَفضَحُه الذِّمَارٗ","حكيم بن جبل","في قتاله اَصحاب الجمل يوم الجمل الاَصغر","3","الرجز","ر",
"257","9","تَنَادَى الغُلامَانِ اِذ صلَّيا&nbsp;&nbsp;*وشَحَّ على الُملْكِ شَيخَاهُما","غلام من الاَزد","في صلوة محمد بن طلحة وعبد الله بن الزبير باَبويهما","5","المتقارب","م",
"258","8","دَعا حَكِيمٌ دعوةً سَمِيعَة * عن غيرِ ما نِكلٍ ولا خَديعَة","اَمير المؤمنين<sup> </sup><sup>ع</sup><sup> </sup><sup>م</sup><sup> </sup>","في ما صنع بعثمان بن حنيف وقتل حكيم بن جبل والسيابجة واِجلاء الربيعة","7","الرجز","ع",
"262","9","ولَستُ بتاركٍ لِلهِ عَهْدًا * ولَستُ بِناقضٍ اَبدًا عُقُودا","الاَحنف بن قيس","في منعه البيعة لطلحة والزبير ","11","الوافر","د",
"263","6","اَبَا حسنٍ اِن شئتَ جِئناك نُصرةً * واِن شئتَ كَفَّتْ عنك قاطبةً سعدٗ","صعصعة بن معاوية","في عرضه اَمير المؤمنين <sup>ع</sup><sup> </sup><sup>م</sup> بالقدوم اِليه مع اَهل بيته اَو كفايته عنه اَربعة اٰلاف سيف","10","الطويل","د ",
"264","7","اَبلغْ لديكَ ابْنَ سُوْرٍ قولَ مُنْتَصِحٍ * يا كَعبُ لا تَستَمِعْ قولَ ابْنَ شَيمانٖ","غلام من بني دِهمان","في منع كعب بن سور الاَزدي القدوم اِلى عائشة","9","البسيط","ن",
"266","2","لَعَمْرِي لقد اَحْيا اَباه وجَدَّه * واَحْيا بني سَعدٍ بما قال جَارِيَة","حارثة بن زيد بن قدامة","في عتابه عائشة وجوابها له بكلام غليظ","11","الطويل","ي",
"267","6","ما الخبرُ * عليٌ في سَفَر* كالاَشْقَر* اِن تَقَدَّمَ نُحِر* واِنْ تَأخَّرَ عُقِر*","حفصة بنت اَبي بكر","في نزول اَمير المؤمنين <sup>ع</sup><sup> </sup><sup>م</sup><sup> </sup>بذي قار","5","الرجز المشطور","ر",
"267","17","عَذَرْتُ الرِّجالَ لِحرب الرِّجالِ * فما للنساءِ وما لِلشِّغَابٖ","سهل بن حنيف الاَنصاري","في عتاب مولاتنا كلثوم <sup>رض</sup> حفصةَ ومزقها كتاب عائشة","6","المتقارب","ب",
"279","14","جَزَى اللهُ اَهلَ الكوفَةِ اليومَ اِنَّهم * اَجَابُوا فَلم تَنْظُرْ اِلى خَذْلِ مَن خَذَلْ","قيس بن سعد الاَنصاري","في جواب اَهل الكوفة بنصرة اَمير المؤمنين <sup>ع</sup><sup> </sup><sup>م</sup><sup> </sup>","7","الطويل","ل",
"280","3","رَضِينا به قَسْمًا اِذا كان قِسْمَنا * عليٌّ واَبناءُ النبيِّ محمَّد","النجاشي الحارثي","في جواب اَهل الكوفة بنصرة اَمير المؤمنين <sup>ع</sup><sup> </sup><sup>م</sup><sup> </sup>","6","الطويل","د",
"285","11","اَيُّها الناسُ اَتَتْكم جِلَّةٌ * ذَاك عَمَّارٌ وقَيسٌ والحَسَنْ","اَبو الهيثم التيهان","في بعث اَمير المؤمنين <sup>ع</sup><sup> </sup><sup>م</sup><sup> </sup>رسله اِلى الكوفة","14","الرمل","ن",
"287","4","اَتَوني وقالوا يا خُوَيْلِدُ لا تُرَعْ * فقُلتُ - واَنكرتُ الوُجُوهَ - هُمٗ هُمٗ"," اَبو ذؤيب (اَبو موسَى الاَشعري متمثلا)","في تمثيل عدم معية اَبي موسى الاَشعري مع طلحة والزبير","1","الطويل","م",
"297","2","اِنَّ الذي ساءَ عَمَّارًا سَيُفْرِجُه * عنه عليٌّ بِما يَرضاه عَمَّارٗ","خزيمة بن ثابت","في تبشير اَمير المؤمنين <sup>ع</sup><sup> </sup><sup>م</sup><sup> </sup>عمار بن ياسر بشهادته في صفين","6","البسيط","ر",
"299","8","قُل للزُّبَيرِ وقُل لِطَلحةَ اِنَّنَا * نحنُ الذينَ شِعارُنا الاَنصارٗ","اَبو الهيثم التيهان","في عتاب عبد الله بن العباس طلحة وطمعه في الملك مع خوفه الشديد من اَمير المؤمنين <sup>ع</sup><sup> </sup><sup>م</sup><sup> </sup> ","7","الكامل","ر",
"299","16","اَبا حَسَنٍ اَيقَضْتَ مَن كان نائِما * وما كُلُّ مَن يُدعٰى اِلى الحقِّ يَسْمَعٗ","ابن اُساف الاَنصاري","في عتاب عبد الله بن العباس طلحة وطمعه في الملك مع خوفه الشديد من اَمير المؤمنين <sup>ع</sup><sup> </sup><sup>م</sup><sup> </sup> ","16","الطويل","ع",
"300","14","مَا تَنقمُونَ مِنَ الوَصِيِّ واَنْتُمٗ * بايَعتُمُوه وِلَمْ يَدِنْ بِضَلَالٖ","عبد الرحمن بن حنبل الليثي","في عتاب عبد الله بن العباس طلحة وطمعه في الملك مع خوفه الشديد من اَمير المؤمنين <sup>ع</sup><sup> </sup><sup>م</sup><sup> </sup> ","7","الكامل","ل",
"307","7","اَمَّا الزُّبَيرُ فَعَلَّه ولَعَلَّه * والمرءُ طلحةُ ليس فيه مَطْمَعٗ","خزيمة بن ثابت","في وصف اَمير المؤمنين <sup>ع</sup><sup> </sup><sup>م</sup><sup> </sup>حال طلحة والزبير ","6","الكامل","ع",
"308","12","لَمْ اَرَ كاليومِ اَخا حِرَان * اَعْظَمَ مِن مُكَفِّر الاَيْمانٖ<br>بِالعِتْقِ في معصيَةِ الرَّحْمٰنٖ","عبد الرحمن بن سلمان","في عتق الزبير غلامَه مكحولا كفارةً ليمينه","3","الرجز","ن",
"308","15","اَعْتَقَ مَكْحُولًا لِصَوْنِ دِينِهْ * كَفَّارَةً يَزعُم عن يَمِيْنِهْ<br>والكُفْرُ مَكتوبٌ على جَبِيْنِهْ","عبد الرحمن بن سلمان","في عتق الزبير غلامَه مكحولاكفارةً ليمينه","3","الرجز","ن",
"311","5","قال الزُّبَيرُ ولَمْ اَعْلَمْ بِنِيَّتِهٖ * - لِلهِ دَرُّكَ - هل في القوم عَمَّارٗ","رجل من بني ضبة","في لحوقه باَمير المؤمنين <sup>ع</sup><sup> </sup><sup>م</sup><sup> </sup>عند سماع ندم الزبير حينما اُخبر بوجود عمار بن ياسر <sup>رض</sup> في الكتيبة","6","البسيط","ر",
"313","7","يا رَبِّ اِنَّ مُسْلِمًا اَتَاهُمْ * بِالحقِّ والفُرقَانِ اِذ دَعَاهُمْ","اُم ذريح العبدية","في رثاء ابنها مسلم","4","الرجز","م",
"313","12","تَنَاوَلَهٗ منهم شَقِيٌّ بِضَرْبَةٍ * اَطاحتْ بِيُمْنٰى كَفِّهٖ حينَ يَضرِبٗ","الرجاف بن صعصعة المجاشعي","في رثاء مسلم","8","الطويل","ب",
"314","8","اِطْعَنْ بها طَعْنَ اَبيك تُحمَدٖ * لا خَيْرَ في الحَرْبِ اِذَا لَم تُوْقَدٖ<br>بِالْمَشْرَفِيِّ والَقنا المُسَدَّدٖ","محمد بن الحنفية","في حملته على اَصحاب الجمل حينما اَمره اَمير المؤمنين <sup>ع</sup><sup> </sup><sup>م</sup><sup> </sup>بالاقتحام في الحرب ","3","الرجز","د",
"315","1","اَبا حَسَنٍ اَنت فَصلُ الاُمورِ * يَبِينُ لك الحِلُّ والمَحْرَمٗ","عمرو بن حارثة الاَنصاري","في اَمر اَمير المؤمنين <sup>ع</sup><sup> </sup><sup>م</sup><sup> </sup>محمد بن الحنفية بالحملة على اَصحاب الجمل عند وقوفه عن ذلك","7","المتقارب","م",
"316","9","قد عِشْتِ يا نفسِ وقد عَنِيْتِ * دَهْرًا فبعدَ اليومِ ما بَقِيْتِ<br>اَمَا مَلَلْتِ طولَ ما حَيِيْتِ","العلاء بن عمرو بن سليم","في اَخذه الراية بعد قتل اَخيه","3","الرجز","ت",
"316","19","اَضرِبُكم ولا اَرٰى اَبا الحَسَنْ * ها اِنَّ هذا حَزَنٌ مِن الحَزَن","ابن اَبزي","في اَخذه خطام الجمل ","1","الرجز","ن",
"319","10","ِان تُنكروني فاَنا ابنُ يَثرِبِيّ * قاتلُ عَلْيَاءَ وهندِ الجَمَلِيّ<br>وزيدِ صوحانَ على دِينِ عَليّ","عمرو بن يثربي","في دعوته اِلى البراز وقتله هند الجملي","3","الرجز","ل",
"319","13","اُثْبُتْ فَاِنِّيَ ابْنُ عَمِّ الجَمَلِيّ * وكان عَلْيَاءُ على دِين عليّ<br>وزيدُ صوحانَ مِن الفَحْشا بَرِي","مالك الاَشتر <sup>رض</sup>","في خروجه اِلى عمرو بن اليثربي","3","الرجز","ل",
"321","1","اَ اَصرَعُ عَمْرًوا في العَجاجةِ جَهْرَةً * ويَحظٰى بها يومَ اللِّقَا مُهرُ مَالِكٖ","ابن طود","في نسبة قتل عمرو بن اليثربي اِلى نفسه بدل مولانا مالك الاَشتر<sup>رض</sup>","6","الطويل","ك",
"321","10","يا ابنَ طَودٍ اَطفَأْتُ جَمْرَةَ عَمْرٍو * ثم اَوهَنتُ حَدَّه عنك فَلَّا","مالك الاَشتر <sup>رض</sup>","في نسبة قتل عمرو بن اليثربي اِلى نفسه بدل ابن طود","5","الخفيف","ل",
"321","19","اَلَا ادْنُ منِّي يا عليُّ فِتْرَا * فاِنَّنِي دَانٍ اِليك شِبْرَا","عبد الله بن خلف الخزاعي","في دعوته اَميرَ المؤمنين <sup>ع</sup><sup> </sup><sup>م</sup><sup> </sup>اِلى البراز","1","الرجز","ر",
"322","2","اِيَّايَ تَدْعُو في الوَغٰى فجَرِّبْ * اُثْبُتْ لِعَضْبٍ صَارمٍ مُشَطِّبٖ","اَمير المؤمنين <sup>ع</sup><sup> </sup><sup>م</sup><sup> </sup>","في خروجه اِلى مبارزة عبد الله بن خلف الخزاعي","1","الرجز","ب",
"327","13","يَا اَيُّها الشَّيخانِ قُولا واعْلَما * اِنَّ عَلِيًّا خيُر مَن تَكَلَّمَا","رجل من مراد من سلهم","في قصده نحو طلحة والزبير في جماعة قليلة من مراد","5","الرجز","م",
"328","5","وَاَشعَثَ قَوَّامٍ بِاٰيَاتِ رَبِّهٖ * قليلِ الاَذٰى فيما تَرى العَيْنُ مُسْلِمٖ","مالك الاَشتر <sup>رض</sup>","في مناشدة محمد بن طلحة له بـ""حمۤ"" عندما غشيه بالرمح","7","الطويل","م",
"330","2","مُحَمَّدُ ما في عُودِك اليومَ اُبْنَةٌ * وما كنتَ في الحَربِ الكَرِيهةِ قُعْدُدًا","خزيمة بن ثابت","في شأن مقاتلة الاِمامين الحسن والحسين <sup>ع</sup><sup> </sup><sup>م</sup><sup> </sup>ومحمد بن الحنفية","10","الطويل","د",
"332","2","تَرْكُ الاُمورِ التي تُخشٰى عَوَاقِبُها * لِلهِ اَسلَمُ في الدُّنْيا وَفي الدِّينٖ","الزبير بن العوام","في هروبه من معركة الجمل","9","البسيط","ن",
"334","10","اَتَيتُ علِيًّا بِرأس الزُّبَيرِ * وقد كُنتُ اَحسِبُها زُلْفَتِي","ابن جرموز","في قتله الزبير بن العوام وتبشير اَمير المؤمنين <sup>ع</sup><sup> </sup><sup>م</sup><sup> </sup>له بالنار على ذلك","7","المتقارب","ت",
"335","1","غَدَرَ ابْنُ جُرمُوزٍ بِفَارِسِ بُهْمَةٍ * عندَ اللِّقاءِ وكان غيرَ مُعَرَّدٖ","عاتكة بنت زيد بن عمرو بن نفيل (امرأة الزبير) ","في قتل ابن جرموز الزبير وغدره به","4","الكامل","د",
"335","6","اِنِّي تُذَكِّرُنِي الزَّبَيرَ حَمامَةٌ * تَدْعُو بِمَجْمَعِ نَخلَتَينِ هَدِيْلَا","جرير بن الخطفاء","في تعيير بني مجاشع بقتل الزبير","4","الكامل","ل",
"335","15","وَلَّى الزُّبَيرُ عَلى سَراةِ مُقَلِّصٍ * فثَوى الشَّقِيُّ وَجَوفُه مَنْقُوبٗ","عبد الرحمن بن حنبل ","في قتل ابن جرموز الزبير وغدره به","7","الكامل","ب",
"336","17","نَدِمْتُ نَدَامَةً وَظَلَلْتُ حِلْمِي * فَلَهْفِي ثُمَّ لَهْفُ اَبِي وَاُمِّي","طلحة بن عبيد الله","في ندمه على الحرب بطلب دم عثمان","2","الوافر","م",
"338","13","عَقَرْتُ ولَم اَعْقِر بها مِن هَوَانِها * عليَّ ولٰكِنِّي رَأيتُ المَهَالِكا","عمرو بن عبد الله المرادي","في سب عائشة عاقر الجمل","10","الطويل","ك",
"341","16","كُنَّا اُناسًا على دِينٍ فَشَكَّكَنَا * اَمْرٌ له عند اَهلِ الدِّينِ تأويلٗ","الغلام الاَزدي","في رجوع قادة اَصحاب الجمل عن رأيهم","13","البسيط","ل",
"343","13","لقد اَوْرَدَتْنا اُمُّنا حَوْمَةَ الوَغٰى * فلَم نَنصَرِفْ اِلَّا ونحن رِواءٗ","رجل من اَهل الجمل","في ندمه على خروجه مع اَهل الجمل","4","الطويل","ء",
"345","1","اَلَا يا طَلْح خَبِّرنا بِعِلْمٍ * فكيف لنا بِرَجْعِ رَهِينِ قَبرٖ","عمرو بن عبد الله ","عند مرور اَمير المؤمنين <sup>ع</sup><sup> </sup><sup>م</sup><sup> </sup>بطلحة وعبد الرحمن بن عتاب بن اُسيد وهما قتيلان","6","الوافر","ر",
"345","8","قد بَان طَلحةُ والفُؤَادُ جَرِيحٗ * ودُمُوعُ عَينِي فِي الرِّدَا مَسْفُوحٗ","عائشة بنت طلحة بن عبيد الله ","في رثاء اَبيها طلحة بن عبيد الله ","5","الكامل","ح",
"347","1","اُمَامة لَو حَلَلْتِ بِدَارِ قومٍ * هُم الاَعداءُ وَالْاَكْبَادُ سُوْدٗ","الاَعشٰى(اَمير المؤمنين <sup> </sup><sup>ع</sup><sup> </sup><sup>م</sup><sup> </sup> متمثلا) ","في بيان مَثله ومَثل الوليد بن عقبة عندما اُتي به اِليه","2","الوافر","د",
"347","9","يا لَيْتَنِي كنتُ بِالغَورَينِ مِن يَمَنٍ * اَو سِرْوَ حِمْيَرَ اَو صنعاءَ والجَنَدٖ","الوليد بن عقبة","في ندمه على الخروج مع اَهل الجمل","14","الطويل","د",
"351","1","عائشةٌ جاءَتْ على مَحمِلٍ * وَهْيَ تُزَجِّيْ فيه اَوْلَادَها","قول البعض","في ورود عائشة المسلمين القتال مع دعواها اَنها اُمهم","2","السريع","د",
"353","4","اِذا ما سألتُ النِّصْفَ والحقُّ واضحٌ * عَلِيًّا اَتٰى بالتُّرَّهاتِ البَسَابِسٖ","رجل من غني","في طلبه التقسيم نساء اَهل الجمل واَبناءهم وتنحيه عنه ","2","الطويل","س",
"353","15","نَقمْتَ عَلى ذاك الاِمامِ فِعالَه * فدُونَك فَاشْرَبْها بِكَأسِ ابنِ مَرْوَانٖ","الاَشل","في بقاء الغنوي اِلى زمن الحجاج وقتله على يديه حسب دعاء اَمير المؤمنين <sup>ع</sup><sup> </sup><sup>م</sup><sup> </sup>عليه","2","الطويل","ن",
"354","2","اَطعْنَاك في الحِلِّ والمَحْرَمٖ * وفِيما اَمَرْتَ مِن المَغْنَمٖ","عبد الله بن كامل الشاكري","في اِظهاره الطاعة لاَوامر اَمير المؤمنين <sup>ع</sup><sup> </sup><sup>م</sup><sup> </sup>","5","المتقارب","م",
"354","18","اِنَّما الاَمرُ ما تَراه لنا اليَو * مَ ومَهْما نَهَيْتَ عَنه انْتَهَيْنا","خزيمة بن ثابت الاَنصاري","في اِظهاره الطاعة لاَوامر اَمير المؤمنين <sup>ع</sup><sup> </sup><sup>م</sup>","10","الخفيف","ن",
"357","12","ما زالَ اِهداءُ القصائِدِ بَينَنا * عَدَّ الذُّنوب وكَثْرةَ الاَلقابٖ","حصن بن عامر الاسدي<br>(عبد الله بن العباس متمثلا) ","في عتابه عائشة ووصف حالتها","2","الكامل","ب",
"358","5","مَنَنْتُ على قومٍ فَاَبْدَوا عدَاوةً * فَقُلْتُ لهم كُفُّوا العدَاوةَ والشُّكرَا"," اَخو بني فهر<br>(عبد الله بن العباس متمثلا)","في عدم شكر عائشة اِحسان بني هاشم اِليها","1","الطويل","ر",
"359","6","اَعائشُ لو لا اَنَّنِي كنتُ طاوِيًا * ثلاثًا لَاَلْفَيتِ ابْنَ اُخْتِكَ هالِكا","مالك الاشتر<sup>رض</sup>","في قتله عبد الله بن الزبير واعتراض عائشة عليه بحديث رسول الله <sup>صلع</sup>: ""لا يحل قتل امرء مسلم اِلا باِحدى ثلاث خصال…"" ","7","الطويل","ك",
"359","14","اَعائشُ اَلَّا تَتَّقِينَ خَطِيَّةً * نَهاكِ رسولُ اللهِ عَنها مُحَمَّدٗ","عمار بن ياسر<sup>رض</sup>","في ذكر وقعة الجمل","6","الطويل","د",
"360","5","رَأْيُ النِّسَاءِ ضَعِيفٌ حينَ تَخْبُرُهٗ * ما رأْي مَن هُوَ فِينا نِصفُ اِنسانٖ","خالد بن الواشمة","في تخليط عائشة بالترحم على زيد بن صوحان والزبير ","6","البسيط","ن",
"360","11","اَطعْنَاك يا خيرَ البَرِيَّةِ كلِّها * فطاعتُك الحقُّ الذي اَنت جامِعُه","الحجاج بن عرابة","في مدح اَمير المؤمنين <sup> </sup><sup>ع</sup><sup> </sup><sup>م</sup><sup> </sup>وذم عائشة","16","الطويل","ع",
"362","5","وذَكَّرَنِي الزُّبَيرَ صَهِيلُ طِرْفٍ * تَناولَه ابنُ جُرمُوزٍ بِغَدرٖ","عبد الله بن الزبير","في ذكرى الزبير عندما وجد فرسه في منصرفه من البصرة","10","الوافر","ر",
"364","17","اَمَا يَكْفِيكِ مَا اَحدَثْتِ حتّٰى * تَسُبِّيْنَ الغَداةَ اَبا الحُسَينٖ","امرأة من عبد القيس","في تنقيص عائشة اَميرَ المؤمنين <sup>ع</sup><sup> </sup><sup>م</sup><sup> </sup>وثنائها على طلحة والزبير","9","الوافر","ن",
"366","3","فَقَالتْ اُمُّنَا ودَعَت عَلَينا * واَمُّ المؤمنين لها عَشِيَّة","سعيد بن وهب الهمداني","في سؤال المرأة عائشةَ في جزاء اُم اَفسدت بين اَولادها","4","الوافر","ي",
"367","4","لا عيشَ اِلا الجنةُ الُمخْضَرَّة * لا بأسَ بِالكرَّة بعد الفَرَّة","اَمير المؤمنين <sup>ع</sup><sup> </sup><sup>م</sup><sup> </sup>","في قول عمار بن ياسر<sup>رض</sup>: ""لو لا اَنا فرَرْنا ثم كرَرْنا"" ","1","الرجز","ر",
